Frequency,Word
459,bacon
180,milk
168,chicken
140,beef
132,juice
119,banana
117,sausage
113,creamer
104,ground
104,cheese
97,diced
95,cream
95,cottage
89,green
88,egg
87,yogurt
84,pork
79,liquid
77,nectar
74,bread
68,broccoli
67,roll
65,orange
65,loin
64,patty
64,eggs
63,water
62,salad
59,msc
57,biscuit
54,marinara
53,heavy
52,tomato
50,tilapia
49,coffee
46,mix
45,apple
44,mayo
44,cucumber
43,napkin
42,pvc
42,potato
42,beans
41,lemonade
40,lettuce
40,fruit
39,danish
39,applesauce
38,otc
38,cup
37,ham
36,non
36,butter
35,dinner
35,cranberry
34,wheat
34,honey
34,breast
33,peaches
31,tea
30,rolls
30,peach
30,bean
29,base
28,sauce
28,peng
28,margarine
28,jelly
28,half
27,white
27,shell
27,pot
27,placemat
26,turkey
26,spinach
26,bananas
24,tissue
23,cocktail
22,sherbet
22,oil
22,flour
22,cheddar
22,carrots
22,BACON
21,dice
21,coleslaw
21,american
20,wipes
20,watermelon
19,toast
19,thigh
19,sour
19,rice
19,ranch
19,pineapple
19,onion
19,mashed
19,french
18,x
18,sliced
18,pearl
18,mandarin
18,link
18,lancets
18,grits
18,celery
17,capri
16,straws
16,paper
16,oz
16,napkins
16,msv
16,lynx
16,fry
16,cocoa
16,asparagus
16,PVC
15,med
15,law
15,carrot
14,salmon
14,roast
14,leaf
14,iceberg
14,grape
14,garlic
14,fresh
14,dreamers
14,Bacon
13,vanilla
13,v
13,raisin
13,pancakes
13,leo
13,copy
12,zucchini
12,towel
12,sugar
12,solid
12,potatoes
12,peanut
12,paw
12,omelet
12,muffin
12,mash
12,gravy
12,dyed
12,brown
11,yeast
11,strawberry
11,punch
11,pancake
11,meatballs
11,honeydew
11,fit
11,container
11,chop
11,NON
10,romaine
10,pv
10,promise
10,power
10,pears
10,pass
10,lancet
10,lactaid
10,fitpluslg
10,catfish
10,cabbage
10,bleach
10,biscuits
10,CHICKEN
9,stew
9,ore
9,mph
9,magic
9,grapefruit
9,english
9,brock
9,MSC
9,CREAMER
8,pudding
8,pear
8,pam
8,ice
8,grapes
8,flounder
8,drift
8,dont
8,cod
8,brow
8,MILK
7,tissues
7,thickened
7,texas
7,tender
7,strawberries
7,soy
7,slice
7,shampoo
7,resource
7,pvbng
7,pullman
7,pollock
7,pepper
7,parkerhouse
7,medplus
7,meat
7,meal
7,lid
7,kit
7,jam
7,ginger
7,fitplusxlg
7,fitplusmd
7,end
7,diet
7,croissant
7,cran
7,cracker
7,chips
7,chip
7,cauliflower
7,bun
7,ale
6,underpass
6,ultrasoft
6,topping
6,strips
6,skim
6,shredded
6,shortening
6,lactose
6,idaho
6,hot
6,horn
6,hamburger
6,germ
6,frank
6,corn
6,club
6,chub
6,chocolate
6,cantaloupe
6,bran
6,babel
6,JUICE
6,GREEN
6,EGG
6,DYNDH
6,DICED
6,BROCCOLI
5,whole
5,whipped
5,whip
5,treat
5,trash
5,tom
5,sweet
5,steak
5,spring
5,rl
5,ring
5,red
5,prune
5,powder
5,pie
5,peas
5,pearls
5,pan
5,olive
5,melatonin
5,mds
5,lie
5,ketchup
5,hash
5,graham
5,foil
5,foam
5,dawn
5,cutlery
5,cups
5,cake
5,bologna
5,blueberry
5,blend
5,and
5,YOGURT
5,Milk
5,BREAD
4,xl
4,wow
4,way
4,veg
4,tropical
4,towels
4,thick
4,syrup
4,soup
4,shred
4,round
4,pimentos
4,pf
4,periwash
4,otcsc
4,oranges
4,okra
4,oatmeal
4,nec
4,moz
4,liner
4,lids
4,lemon
4,kleenex
4,jl
4,j
4,hinge
4,hello
4,heavycream
4,hardboiled
4,hard
4,hang
4,haddock
4,gpc
4,farina
4,erm
4,cuc
4,crackers
4,cost
4,cola
4,chic
4,buds
4,bnb
4,blue
4,bag
4,X
4,Sausage
4,RL
4,PVBNG
4,NECTAR
4,Ground
4,Creamer
4,CAPRI
4,Banana
4,BEANS
4,APPLE
3,you
3,yellow
3,yam
3,ww
3,wax
3,vegetable
3,tuna
3,tomatojuice
3,toilet
3,tip
3,thicken
3,tenders
3,t
3,sweetener
3,strip
3,straw
3,spray
3,spaghetti
3,soda
3,soap
3,shelled
3,shed
3,shakes
3,sanitized
3,salsa
3,saline
3,quarter
3,place
3,pine
3,periguard
3,pea
3,pc
3,patties
3,parker
3,oats
3,nap
3,mustard
3,mushroom
3,ml
3,mixed
3,marg
3,lynch
3,links
3,lemons
3,leg
3,later
3,humidifier
3,honeywater
3,hinged
3,hcs
3,hashbrown
3,grit
3,gpt
3,glucerna
3,frau
3,fitplusxxl
3,fitextraxlg
3,fitbasicxlg
3,film
3,fig
3,famotidine
3,emotion
3,dx
3,drink
3,dough
3,dicedchicken
3,deaf
3,dairy
3,comp
3,coke
3,coco
3,cock
3,coating
3,cloth
3,clorox
3,choc
3,chickenbreast
3,chick
3,cherry
3,cali
3,buttermilk
3,bowl
3,black
3,beer
3,bd
3,barrier
3,baribriefc
3,baby
3,ardmore
3,alcohol
3,SHELL
3,SAUSAGE
3,SALAD
3,ROLL
3,Placemat
3,OTC
3,OIL
3,NAPKIN
3,LIQUID
3,HCS
3,DNVN
3,DDA
3,Cream
3,Coffee
3,COFFEE
3,Broccoli
3,BUTTER
3,BUN
3,BISCUIT
3,AP
2,zoo
2,wrap
2,wncpc
2,whipping
2,wheatberry
2,west
2,wash
2,waffle
2,urinal
2,unfit
2,underpaid
2,trim
2,top
2,tips
2,thing
2,thighs
2,tenderloin
2,tartar
2,tall
2,swan
2,starch
2,squash
2,spread
2,spoon
2,splenda
2,spin
2,spike
2,sourdough
2,smoked
2,slider
2,sli
2,sister
2,simply
2,silverware
2,sidewinder
2,shrimp
2,short
2,sharps
2,shake
2,serb
2,scrapple
2,scrambled
2,scramble
2,sandwich
2,root
2,rmc
2,rigid
2,razors
2,raw
2,random
2,pulled
2,puff
2,prmz
2,prmcz
2,porkloin
2,polish
2,placemats
2,pit
2,petite
2,pen
2,peeled
2,part
2,paprika
2,panto
2,pangasius
2,pads
2,p
2,ozarka
2,oyster
2,ounce
2,omeprazole
2,ointment
2,noodle
2,nonhcrxc
2,nonhcrmc
2,nitrite
2,nectarwater
2,nectardairy
2,nectarcranberry
2,nametag
2,mup
2,muffins
2,mscepz
2,mscep
2,mphstz
2,mesh
2,mark
2,mar
2,maple
2,major
2,liquideggs
2,liquidegg
2,levity
2,layflat
2,last
2,koch
2,key
2,kale
2,kaiser
2,juven
2,jasmine
2,italian
2,into
2,instant
2,hud
2,honeymilk
2,haricot
2,groundbeef
2,grilled
2,granulated
2,grand
2,gowns
2,gown
2,gold
2,gloves
2,glove
2,gauze
2,franks
2,fitplusxl
2,fitplusrg
2,fitextraxxl
2,fitextralg
2,fitbasicxxl
2,fitbasiclg
2,fish
2,fame
2,extrasorb
2,excel
2,er
2,eggmix
2,dyndsh
2,dot
2,dixie
2,disc
2,detergent
2,dermaseptin
2,d
2,cut
2,cube
2,ct
2,crumb
2,cri
2,crab
2,cottagecheese
2,cornbread
2,containers
2,compartment
2,comet
2,cole
2,clover
2,clear
2,chickenbase
2,chef
2,cheesecake
2,casino
2,cab
2,c
2,burger
2,bulk
2,brno
2,briefs
2,breadstick
2,brawny
2,bottled
2,boiled
2,blackberry
2,bev
2,beet
2,ban
2,baking
2,bac
2,avocado
2,autoshield
2,auto
2,aspercreme
2,ap
2,angus
2,aloe
2,almond
2,all
2,ac
2,Yeast
2,Y
2,WIPER
2,WHITE
2,WATER
2,TOAST
2,TISSUE
2,TILAPIA
2,TEA
2,SAUCE
2,Rice
2,Pancakes
2,PORK
2,PERS
2,PEANUT
2,PATTY
2,ORANGE
2,OMELET
2,Mc
2,MSV
2,Liquid
2,Lettuce
2,Lancets
2,LETTUCE
2,LEMONADE
2,LEMON
2,ICE
2,HINGE
2,HAMBURGER
2,H
2,Grits
2,GLIDE
2,Flour
2,FITPLUSRG
2,FITPLUSLG
2,FITEXTRALG
2,EQUAL
2,DINNER
2,DEES
2,DD
2,Cottage
2,Cocoa
2,COTTAGE
2,CORN
2,COLESLAW
2,CHEESE
2,CARROTS
2,Biscuit
2,BEAN
1,zip
1,zeta
1,zest
1,yeastroll
1,wypall
1,wrinkle
1,wncpcj
1,wiper
1,wipe
1,wings
1,wing
1,wheatbread
1,wedge
1,wedding
1,washcloths
1,was
1,walnut
1,wales
1,waffles
1,wafer
1,vital
1,vinegar
1,vin
1,vert
1,vegetables
1,veal
1,van
1,vacuum
1,uwbmd
1,uwblg
1,utility
1,up
1,unsalted
1,uncrustables
1,ultrasoftplus
1,ultimate
1,ucc
1,tyson
1,tuscan
1,turnip
1,turk
1,tumbler
1,tuliplid
1,tubing
1,trio
1,treats
1,tots
1,total
1,tot
1,tossedsalad
1,tortilla
1,tonic
1,tomatosoup
1,tomatoes
1,tomatocrushed
1,tilda
1,thrive
1,three
1,therahoney
1,test
1,terms
1,tail
1,systrnz
1,sysco
1,syrupcup
1,syrsiz
1,syringes
1,swiss
1,supplements
1,supplement
1,super
1,stuffed
1,stewed
1,step
1,stealth
1,sql
1,spoons
1,sponge
1,spear
1,spag
1,sp
1,soupcream
1,sorbet
1,solids
1,solidpower
1,sofpull
1,smash
1,slicedcarrots
1,sldart
1,sl
1,skin
1,sip
1,silver
1,silk
1,shreddedcheese
1,shortbread
1,shop
1,shelleggs
1,shelf
1,shaving
1,shasta
1,sgr
1,sf
1,set
1,section
1,sec
1,season
1,scrambledegg
1,scout
1,scot
1,scan
1,sca
1,says
1,sausagepatty
1,sausagelink
1,santyl
1,santa
1,sani
1,sand
1,salt
1,salonpas
1,safety
1,saf
1,rye
1,russet
1,ruffle
1,ruc
1,rotiss
1,ross
1,rose
1,romain
1,roastbeef
1,ripe
1,rinse
1,rings
1,ricotta
1,rg
1,repair
1,rena
1,ren
1,relish
1,release
1,reflection
1,refilled
1,really
1,rdi
1,rc
1,ranchdressing
1,ran
1,raisins
1,rain
1,rANCH
1,quickblend
1,quarters
1,pursed
1,purlif
1,puree
1,pur
1,pulledchicken
1,pull
1,puffs
1,provo
1,protege
1,protective
1,prostate
1,promo
1,procure
1,probit
1,prilosec
1,prep
1,pound
1,potatopearls
1,portion
1,popcorn
1,ply
1,plastic
1,plantain
1,plain
1,pinto
1,pink
1,pill
1,pico
1,pickled
1,pickle
1,philly
1,phase
1,pg
1,pesto
1,perineal
1,peri
1,pecan
1,pd
1,pcs
1,pcc
1,paste
1,pasta
1,par
1,pang
1,pancoating
1,pad
1,ozcups
1,oxygen
1,osmolite
1,ores
1,orangejuice
1,optimal
1,onions
1,onionring
1,olives
1,oilfry
1,off
1,oat
1,nutty
1,nutritionaltreat
1,nutritionalorangejuice
1,nutritional
1,nutrashield
1,nut
1,nsa
1,nra
1,npkc
1,nonpbmb
1,nonhcr
1,nonchdxc
1,nonchdmc
1,nonbar
1,no
1,niagara
1,newton
1,nestle
1,needles
1,needled
1,needle
1,nectarthickwater
1,nectarthickmilk
1,nectartea
1,nectarmilk
1,nectarapple
1,nametags
1,mush
1,murray
1,multipaper
1,multifold
1,muff
1,mscsbw
1,mscpack
1,msclb
1,mphst
1,mphsafetyz
1,mphsafety
1,mozzarella
1,morrell
1,moose
1,monterey
1,mojo
1,miss
1,mighty
1,met
1,medihoney
1,medical
1,medallions
1,mdszz
1,mdslf
1,mayonnaise
1,may
1,matchstick
1,mat
1,mask
1,marina
1,marge
1,manwich
1,manoranges
1,manda
1,magneticnametags
1,lyons
1,lump
1,lotion
1,lost
1,lorna
1,long
1,loaf
1,liver
1,liquidwholeeggs
1,liquidbutter
1,lipton
1,liners
1,lindbergh
1,lidocaine
1,lett
1,let
1,lbrxb
1,lay
1,larry
1,large
1,lance
1,krispies
1,knives
1,klee
1,kiwi
1,kits
1,kd
1,john
1,jellycup
1,jellies
1,jack
1,isosource
1,isolation
1,island
1,iris
1,intake
1,inside
1,infinity
1,impulse
1,hydrocortisone
1,hydraguard
1,hushpuppy
1,hush
1,honeyorange
1,honeydairy
1,honeycran
1,honeyapple
1,home
1,hen
1,hdz
1,hazelnut
1,haw
1,hamburgers
1,hairnets
1,hair
1,guard
1,grouper
1,group
1,grill
1,greenbeans
1,greenbean
1,greek
1,great
1,gray
1,gran
1,goldfish
1,going
1,goatcheese
1,glu
1,gaza
1,garlicbread
1,garden
1,frys
1,fryoil
1,frymax
1,frozen
1,frosted
1,frenchtoast
1,free
1,fork
1,food
1,folders
1,florastor
1,floral
1,flonase
1,flat
1,flakes
1,flake
1,fitextramd
1,fischer
1,fine
1,fillet
1,figaroos
1,feta
1,fearless
1,far
1,fantastic
1,fajita
1,facial
1,eyes
1,evaporated
1,eva
1,euro
1,equal
1,envision
1,ensure
1,eng
1,empanada
1,eggsliquid
1,eggshapes
1,eggscramble
1,eggsalad
1,eddies
1,eclair
1,eagle
1,each
1,dynjaahme
1,dyndmlw
1,dyndh
1,dw
1,dtmsl
1,drum
1,driscoll
1,dried
1,dressingcole
1,dressing
1,dress
1,door
1,don'ts
1,dogs
1,do
1,dmj
1,dill
1,diffstat
1,diceturkey
1,dicedpotatoes
1,dicedpot
1,dicedham
1,dicedchic
1,dicechicken
1,desitin
1,dermaphor
1,deodorant
1,deli
1,decade
1,dct
1,dash
1,dasani
1,dart
1,dark
1,dandy
1,curl
1,cure
1,cur
1,cumin
1,culturelle
1,cubed
1,crystal
1,crusher
1,crunch
1,crossiant
1,crisp
1,crew
1,creamy
1,cranberryjuice
1,cpp
1,cpe
1,cp
1,covers
1,cornstarch
1,cornmeal
1,cornish
1,cordon
1,copypaper
1,cookie
1,cont
1,cone
1,concern
1,complete
1,compact
1,colossal
1,coil
1,cofmat
1,coca
1,coat
1,clubs
1,clr
1,cleaner
1,clam
1,citric
1,cilantro
1,cider
1,chunk
1,chuck
1,choppedgarlic
1,chopped
1,chocolatemilk
1,chive
1,chipsahoy
1,chickensalad
1,chickenquarter
1,chickenpatty
1,chickennoodle
1,cheetos
1,cheesecottage
1,cheek
1,chd
1,charbroiled
1,char
1,cerealasst
1,cereal
1,cc
1,cavilon
1,caspar
1,cashew
1,carnation
1,car
1,cantaloup
1,cant
1,canova
1,cannula
1,cannon
1,canisters
1,candy
1,calazinc
1,calazime
1,caesar
1,cabbagefine
1,button
1,butterit
1,but
1,burgers
1,buns
1,buffet
1,brush
1,brulxl
1,brullg
1,brownie
1,browngravy
1,broch
1,brisket
1,brioche
1,breasts
1,breadwhite
1,breadcrumbs
1,bottle
1,borscht
1,boil
1,bodywash
1,bluetowels
1,blueberries
1,blended
1,bis
1,bib
1,best
1,ben
1,beefstew
1,beefpatties
1,beater
1,bdauto
1,bath
1,basmati
1,basin
1,basil
1,barn
1,bariatric
1,bariactric
1,bari
1,bank
1,ball
1,baguette
1,bagels
1,back
1,baa
1,b
1,assuretest
1,assortedcookie
1,asp
1,as
1,arugula
1,aqua-pak
1,aprons
1,apron
1,applewood
1,applejuice
1,antifungal
1,amer
1,alt
1,alf
1,airline
1,ahoy
1,afrc
1,adult
1,addipak
1,ad
1,activia
1,a
1,Zucchini
1,YELLOW
1,Wipes
1,White
1,Wheat
1,Watermelon
1,Wash
1,WNCPC
1,WIPES
1,WHIRL
1,WHEAT
1,WATERMELON
1,W
1,Vital
1,VEGETABLES
1,ULTRASOFT
1,Tripatty
1,Tissue
1,TURKEY
1,TUNA
1,TULIP
1,TRIM
1,TREAT
1,TRANSLUCENT
1,TOWELETTE
1,TOMATO
1,TISSUES
1,THIGH
1,TEXAS
1,Strawberries
1,Sour
1,Solid
1,Sliced
1,Shortening
1,Sherbet
1,Shell
1,SearchTerm
1,Scout
1,Salmon
1,Saline
1,SYRUP
1,SWEET
1,SUGAR
1,STRIPS
1,STRAWS
1,STRAWBERRY
1,STRAW
1,SPS
1,SPRAY
1,SPINACH
1,SLI
1,SHRED
1,SHAMPOO
1,SC
1,SAFETY
1,SA
1,ROLLS
1,ROAST
1,RICE
1,RANCH
1,RADICCHIO
1,Potatosalad
1,Potato
1,Pork
1,Perineal
1,Pepcid
1,Peeled
1,Pearls
1,PV
1,PUNCH
1,PULMOCARE
1,PRUNES
1,PREP
1,POWDER
1,POTATO
1,POT
1,PIE
1,PF
1,PEAR
1,PEACH
1,PEA
1,PC
1,PASS
1,PAPER
1,PAN
1,PADS
1,P
1,ORG
1,ONION
1,OATMEAL
1,Napkins
1,Napkin
1,NONPBMB
1,NONHCRXC
1,NONHCRHC
1,NEWTON
1,NB
1,NAMETAG
1,Msc
1,Mop
1,Mixed
1,Medplus
1,Med
1,Mayo
1,Marinara
1,Major
1,MUSHROOM
1,MUFFIN
1,MTB
1,MSCEPZ
1,MSCEP
1,MPHST
1,MPHSAFETY
1,MPH
1,MOZZARELLA
1,MIXED
1,MIX
1,MELATONIN
1,MEDPLUS
1,MED
1,MEATBALLS
1,MDTPSBFPY
1,MDTBARI
1,MARGARINE
1,MAGIC
1,MA
1,Loin
1,Livermush
1,Liquideggs
1,Liqegg
1,Liners
1,Lemon
1,Lcr
1,LOIN
1,LINK
1,LIDS
1,LEMONS
1,LANCETS
1,LANCET
1,Kangaroo
1,KIWI
1,KETCHUP
1,KC
1,Honey
1,Heavy
1,Ham
1,HALF
1,Grilled
1,Green
1,Granola
1,Glucerna
1,Glove
1,Glide
1,GROUND
1,GRILLED
1,GLUCOSE
1,GARLIC
1,Fruitcocktail
1,Fruit
1,Franks
1,Florastor
1,Fitstretchu
1,Fitplusxlg
1,Fajita
1,FRUIT
1,FRENCH
1,FOAM
1,FLORASTOR
1,FITULTRAXXL
1,FITULTRAXLG
1,FITULTRAMD
1,FITULTRALG
1,FITPLUSXLG
1,FITPLUSMD
1,FITEXTRAXXL
1,FITEXTRAXLG
1,FITEXTRAXL
1,FIG
1,FAMOTIDINE
1,FAJITA
1,Eggs
1,ENSURE
1,E
1,Dicedchicken
1,Diced
1,DOUGH
1,DIXIE
1,DIC
1,DIAL
1,Cucumber
1,Cornmeal
1,Coleslaw
1,Chicken
1,Cheese
1,Celery
1,Carrots
1,Carrot
1,Capri
1,CUTLERY
1,CUPS
1,CUP
1,CREAM
1,CRANBERRY
1,COPY
1,COMBS
1,CHOP
1,CHICK
1,CHEETOS
1,CEREAL
1,CARROT
1,CARR
1,CARAFE
1,CAKE
1,Bun
1,Bowl
1,BREAST
1,BREADSTICK
1,BOTTLED
1,BNB
1,BIS
1,BEEF
1,BAX
1,BASE
1,BANANAS
1,BANANA
1,BABY
1,BA
1,Apple
1,Americancheese
1,American
1,AUTOSHIELD
1,AU
1,AS
1,APP
1,AMERICAN
1,AM
1,ALOE
1,A
